deal,client,owner,stage,amount,currency,close_date,sow_state,attention,source_origin
TOTAL: 64 matching · 64000.00 USD,,,,,,,,,
Synthetic T09 Deal 002,Synthetic T09 Client 00,Synthetic Owner A,Discovery,1000.00,USD,2026-12-15,none,,hubspot
Synthetic T09 Deal 003,Synthetic T09 Client 00,Synthetic Owner A,Discovery,1000.00,USD,2026-12-15,none,,hubspot
Synthetic T09 Deal 000,Synthetic T09 Client 00,Synthetic Owner A,Discovery,1000.00,USD,2026-12-15,none,,hubspot
Synthetic T09 Deal 001,Synthetic T09 Client 00,Synthetic Owner A,Discovery,1000.00,USD,2026-12-15,none,,hubspot
Synthetic T09 Deal 005,Synthetic T09 Client 01,Synthetic Owner A,Discovery,1000.00,USD,2026-12-15,none,,hubspot
Synthetic T09 Deal 006,Synthetic T09 Client 01,Synthetic Owner A,Discovery,1000.00,USD,2026-12-15,none,,hubspot
Synthetic T09 Deal 004,Synthetic T09 Client 01,Synthetic Owner A,Discovery,1000.00,USD,2026-12-15,none,,hubspot
Synthetic T09 Deal 007,Synthetic T09 Client 01,Synthetic Owner A,Discovery,1000.00,USD,2026-12-15,none,,hubspot
Synthetic T09 Deal 009,Synthetic T09 Client 02,Synthetic Owner A,Discovery,1000.00,USD,2026-12-15,none,,hubspot
Synthetic T09 Deal 011,Synthetic T09 Client 02,Synthetic Owner A,Discovery,1000.00,USD,2026-12-15,none,,hubspot
Synthetic T09 Deal 008,Synthetic T09 Client 02,Synthetic Owner A,Discovery,1000.00,USD,2026-12-15,none,,hubspot
Synthetic T09 Deal 010,Synthetic T09 Client 02,Synthetic Owner A,Discovery,1000.00,USD,2026-12-15,none,,hubspot
Synthetic T09 Deal 012,Synthetic T09 Client 03,Synthetic Owner A,Discovery,1000.00,USD,2026-12-15,none,,hubspot
Synthetic T09 Deal 015,Synthetic T09 Client 03,Synthetic Owner A,Discovery,1000.00,USD,2026-12-15,none,,hubspot
Synthetic T09 Deal 014,Synthetic T09 Client 03,Synthetic Owner A,Discovery,1000.00,USD,2026-12-15,none,,hubspot
Synthetic T09 Deal 013,Synthetic T09 Client 03,Synthetic Owner A,Discovery,1000.00,USD,2026-12-15,none,,hubspot
Synthetic T09 Deal 018,Synthetic T09 Client 04,Synthetic Owner A,Discovery,1000.00,USD,2026-12-15,none,,hubspot
Synthetic T09 Deal 019,Synthetic T09 Client 04,Synthetic Owner A,Discovery,1000.00,USD,2026-12-15,none,,hubspot
Synthetic T09 Deal 017,Synthetic T09 Client 04,Synthetic Owner A,Discovery,1000.00,USD,2026-12-15,none,,hubspot
Synthetic T09 Deal 016,Synthetic T09 Client 04,Synthetic Owner A,Discovery,1000.00,USD,2026-12-15,none,,hubspot
Synthetic T09 Deal 023,Synthetic T09 Client 05,Synthetic Owner A,Discovery,1000.00,USD,2026-12-15,none,,hubspot
Synthetic T09 Deal 020,Synthetic T09 Client 05,Synthetic Owner A,Discovery,1000.00,USD,2026-12-15,none,,hubspot
Synthetic T09 Deal 021,Synthetic T09 Client 05,Synthetic Owner A,Discovery,1000.00,USD,2026-12-15,none,,hubspot
Synthetic T09 Deal 022,Synthetic T09 Client 05,Synthetic Owner A,Discovery,1000.00,USD,2026-12-15,none,,hubspot
Synthetic T09 Deal 024,Synthetic T09 Client 06,Synthetic Owner A,Discovery,1000.00,USD,2026-12-15,none,,hubspot
Synthetic T09 Deal 025,Synthetic T09 Client 06,Synthetic Owner A,Discovery,1000.00,USD,2026-12-15,none,,hubspot
Synthetic T09 Deal 026,Synthetic T09 Client 06,Synthetic Owner A,Discovery,1000.00,USD,2026-12-15,none,,hubspot
Synthetic T09 Deal 027,Synthetic T09 Client 06,Synthetic Owner A,Discovery,1000.00,USD,2026-12-15,none,,hubspot
Synthetic T09 Deal 031,Synthetic T09 Client 07,Synthetic Owner A,Discovery,1000.00,USD,2026-12-15,none,,hubspot
Synthetic T09 Deal 029,Synthetic T09 Client 07,Synthetic Owner A,Discovery,1000.00,USD,2026-12-15,none,,hubspot
Synthetic T09 Deal 028,Synthetic T09 Client 07,Synthetic Owner A,Discovery,1000.00,USD,2026-12-15,none,,hubspot
Synthetic T09 Deal 030,Synthetic T09 Client 07,Synthetic Owner A,Discovery,1000.00,USD,2026-12-15,none,,hubspot
Synthetic T09 Deal 032,Synthetic T09 Client 08,Synthetic Owner A,Discovery,1000.00,USD,2026-12-15,none,,hubspot
Synthetic T09 Deal 034,Synthetic T09 Client 08,Synthetic Owner A,Discovery,1000.00,USD,2026-12-15,none,,hubspot
Synthetic T09 Deal 035,Synthetic T09 Client 08,Synthetic Owner A,Discovery,1000.00,USD,2026-12-15,none,,hubspot
Synthetic T09 Deal 033,Synthetic T09 Client 08,Synthetic Owner A,Discovery,1000.00,USD,2026-12-15,none,,hubspot
Synthetic T09 Deal 036,Synthetic T09 Client 09,Synthetic Owner A,Discovery,1000.00,USD,2026-12-15,none,,hubspot
Synthetic T09 Deal 038,Synthetic T09 Client 09,Synthetic Owner A,Discovery,1000.00,USD,2026-12-15,none,,hubspot
Synthetic T09 Deal 037,Synthetic T09 Client 09,Synthetic Owner A,Discovery,1000.00,USD,2026-12-15,none,,hubspot
Synthetic T09 Deal 039,Synthetic T09 Client 09,Synthetic Owner A,Discovery,1000.00,USD,2026-12-15,none,,hubspot
Synthetic T09 Deal 040,Synthetic T09 Client 10,Synthetic Owner A,Discovery,1000.00,USD,2026-12-15,none,,hubspot
Synthetic T09 Deal 042,Synthetic T09 Client 10,Synthetic Owner A,Discovery,1000.00,USD,2026-12-15,none,,hubspot
Synthetic T09 Deal 041,Synthetic T09 Client 10,Synthetic Owner A,Discovery,1000.00,USD,2026-12-15,none,,hubspot
Synthetic T09 Deal 043,Synthetic T09 Client 10,Synthetic Owner A,Discovery,1000.00,USD,2026-12-15,none,,hubspot
Synthetic T09 Deal 046,Synthetic T09 Client 11,Synthetic Owner A,Discovery,1000.00,USD,2026-12-15,none,,hubspot
Synthetic T09 Deal 047,Synthetic T09 Client 11,Synthetic Owner A,Discovery,1000.00,USD,2026-12-15,none,,hubspot
Synthetic T09 Deal 044,Synthetic T09 Client 11,Synthetic Owner A,Discovery,1000.00,USD,2026-12-15,none,,hubspot
Synthetic T09 Deal 045,Synthetic T09 Client 11,Synthetic Owner A,Discovery,1000.00,USD,2026-12-15,none,,hubspot
Synthetic T09 Deal 049,Synthetic T09 Client 12,Synthetic Owner A,Discovery,1000.00,USD,2026-12-15,none,,hubspot
Synthetic T09 Deal 050,Synthetic T09 Client 12,Synthetic Owner A,Discovery,1000.00,USD,2026-12-15,none,,hubspot
Synthetic T09 Deal 051,Synthetic T09 Client 12,Synthetic Owner A,Discovery,1000.00,USD,2026-12-15,none,,hubspot
Synthetic T09 Deal 048,Synthetic T09 Client 12,Synthetic Owner A,Discovery,1000.00,USD,2026-12-15,none,,hubspot
Synthetic T09 Deal 052,Synthetic T09 Client 13,Synthetic Owner A,Discovery,1000.00,USD,2026-12-15,none,,hubspot
Synthetic T09 Deal 055,Synthetic T09 Client 13,Synthetic Owner A,Discovery,1000.00,USD,2026-12-15,none,,hubspot
Synthetic T09 Deal 054,Synthetic T09 Client 13,Synthetic Owner A,Discovery,1000.00,USD,2026-12-15,none,,hubspot
Synthetic T09 Deal 053,Synthetic T09 Client 13,Synthetic Owner A,Discovery,1000.00,USD,2026-12-15,none,,hubspot
Synthetic T09 Deal 059,Synthetic T09 Client 14,Synthetic Owner A,Discovery,1000.00,USD,2026-12-15,none,,hubspot
Synthetic T09 Deal 056,Synthetic T09 Client 14,Synthetic Owner A,Discovery,1000.00,USD,2026-12-15,none,,hubspot
Synthetic T09 Deal 058,Synthetic T09 Client 14,Synthetic Owner A,Discovery,1000.00,USD,2026-12-15,none,,hubspot
Synthetic T09 Deal 057,Synthetic T09 Client 14,Synthetic Owner A,Discovery,1000.00,USD,2026-12-15,none,,hubspot
Synthetic T09 Deal 063,Synthetic T09 Client 15,Synthetic Owner A,Discovery,1000.00,USD,2026-12-15,none,,hubspot
Synthetic T09 Deal 060,Synthetic T09 Client 15,Synthetic Owner A,Discovery,1000.00,USD,2026-12-15,none,,hubspot
Synthetic T09 Deal 062,Synthetic T09 Client 15,Synthetic Owner A,Discovery,1000.00,USD,2026-12-15,none,,hubspot
Synthetic T09 Deal 061,Synthetic T09 Client 15,Synthetic Owner A,Discovery,1000.00,USD,2026-12-15,none,,hubspot
